<package>                                                                         
  <description brief="Hokuyo laser rangefinder drivers">
This corobot_hokuyo package is just an integration of the package hokuyo_node from Brian P. Gerkey, Jeremy Leibs and Blaise Gassend into the Corobot stack to make it easier for CoroWare's client to setup their robot.
A ROS node to provide access to SCIP 2.0-compliant Hokuyo laser range finders (including 04LX).</description>
  <author>Morgan Cormier/mcormier@coroware.com</author>
  <license>LGPL</license>
  <review status="API cleared" notes="Dec 2009" />
  <depend package="roscpp" />
  <depend package="sensor_msgs" />
  <depend package="driver_base" />
  <depend package="self_test" />
  <depend package="diagnostic_updater" />
  <depend package="dynamic_reconfigure" />
  <url>http://www.ros.org/wiki/hokuyo_node</url>
  <export>
        <cpp cflags="-I${prefix}/msg/cpp -I${prefix}/srv/cpp -I${prefix}/include" lflags="-L${prefix}/lib -Wl,-rpath,${prefix}/lib -llibhokuyo" />
  </export>
  <platform os="ubuntu" version="9.04"/>
  <platform os="ubuntu" version="9.10"/>
  <platform os="ubuntu" version="10.04"/>
</package>
